"productionCompagny_id","productionCompagny_label"
22284,"CAT Films"
22285,"Mimosa Films"
6541,"D.A. Films"
6542,"Pricel"
46225,"Untitled Entertainment"
14861,"Before the Door Pictures"
6692,"Benaroya Pictures"
14862,"Washington Square Films"
2926,"Alexandre Films"
6539,"New Light Films"
31828,"Avi Arad Productions"
53462,"Matt Tolmach Productions"
84041,"Pascal Pictures"
7505,"Marvel Entertainment"
81620,"Tencent Pictures"
2683,"Rai Cinema"
53334,"Archimede"
5125,"Le Pacte"
18973,"01 Distribution"
2767,"Mace Neufeld Productions"
5,"Columbia Pictures"
41096,"Lonetree Entertainment"
8151,"Fuqua Films"
1423,"Escape Artists"
34,"Sony Pictures"
44967,"ZHIV Productions"
806,"Téléfilm Canada"
50488,"Sons of Manual"
6274,"MK2 Productions"
79,"Village Roadshow Pictures"
372,"Groucho II Film Partnership"
1885,"Silver Pictures"
174,"Warner Bros. Pictures"
2575,"21 Laps Entertainment"
7493,"FilmNation Entertainment"
32300,"Lava Bear Films"
7294,"Reliance Entertainment"
88466,"Xenolinguistics"
56,"Amblin Entertainment"
2609,"De Line Pictures"
444,"Dune Entertainment"
11249,"Farah Films & Management"
13240,"Bron Studios"
32157,"Right of Way Films"
3574,"Denver and Delilah Productions"
93519,"West Egg Studios"
53152,"Creative Wealth Media Finance"
7036,"CJ Entertainment"
709,"Intz.com"
710,"KTB Network"
21415,"Myung Films"
3672,"Gotham Group"
12292,"Temple Hill Entertainment"
25,"20th Century Fox"
97584,"Entertainment Studios Motion Pictures"
22842,"Waypoint Entertainment"
47169,"Le Grisbi Productions"
51696,"CG Cinéma"
72918,"Vistamar Filmproduktion"
72919,"Uhlandfilm"
72920,"Bam Film"
18626,"Kinology"
10611,"Ciné+"
11237,"ZDF/Arte"
72921,"Turkish Culture Ministry"
22627,"Film- und Medienstiftung NRW"
8152,"Doha Film Institute"
310,"Centre National de la Cinématographie"
104,"Canal+"
2026,"FFA"
850,"Eurimages"
856,"Wild Bunch"
10393,"Vertigo Films"
11199,"SCOPE Pictures"
11434,"Région Nord-Pas-de-Calais"
14700,"Quat'sous Films"
38038,"Pictanovo Nord-Pas-de-Calais"
83,"France 2 Cinéma"
11359,"France 2 (FR2)"
792,"Radio Télévision Belge Francophone"
7131,"France Télévisions"
11796,"Centre du Cinéma et de l'Audiovisuel de la Fédération Wallonie-Bruxelles"
25308,"Alcatraz Films"
58566,"Moonshaker"
20339,"Chapter 2"
694,"StudioCanal"
23513,"Ombra Films"
356,"TF1 Films Production"
99132,"The Picture Company"
104931,"Amazon Prime Video"
178,"Ghoulardi Film Company"
10146,"Focus Features"
13184,"Annapurna Pictures"
10338,"Perfect World Pictures"
1557,"The Mark Gordon Company"
8147,"Entertainment One"
47729,"STX Entertainment"
78996,"Huayi Brothers Pictures"
284,"DNA Films"
4,"Paramount"
258,"Scott Rudin Productions"
82819,"Skydance Media"
59811,"Netflix"
41624,"RatPac-Dune Entertainment"
829,"Vertigo Entertainment"
18617,"Energy Entertainment"
3012,"Pathé Distribution"
10342,"Studio Ghibli"
19176,"Clubhouse Pictures"
82968,"LuckyChap Entertainment"
420,"Marvel Studios"
2,"Walt Disney Pictures"
101082,"Double Dare You Productions"
43,"Fox Searchlight Pictures"
81023,"Bull Productions"
22213,"TSG Entertainment"
3092,"Les Films Manuel Munz"
6896,"EuropaCorp"
7561,"Nexus Factory"
1566,"Spanky Pictures"
14,"Miramax"
235,"Nordisk Film"
2396,"Finnish Film Foundation"
66903,"Yellow Film & TV"
12985,"SF Studio"
118,"Det Danske Filminstitut"
2302,"Svenska Filminstitutet"
2999,"SVT"
2801,"Film i Väst"
49,"El Deseo"
9335,"Canal+ España"
9974,"Instituto de la Cinematografía y de las Artes Audiovisuales"
11427,"Instituto de Crédito Oficial (ICO)"
11898,"Blue Haze Entertainment"
981,"Televisión Española"
1,"Lucasfilm"
11092,"Ram Bergman Productions"
81306,"Formula Film"
112051,"Truenorth Productions"
112052,"Jucumari Films"
2612,"Les Productions du Trésor"
5236,"Mars Films"
7766,"Chaocorp"
7767,"Shortcom"
9,"Gaumont"
59489,"Quad Films"
435,"Di Bonaventura Pictures"
33681,"Black Label Media"
51513,"Condé Nast Entertainment"
1632,"Lionsgate"
6735,"Participant Media"
10221,"Walden Media"
10227,"Mandeville Films"
6550,"Breakthru Films"
22153,"Trademark Films"
96220,"Centrum Technologii Audiowizualnych"
11240,"Polski Instytut Sztuki Filmowej"
71114,"Odra Film"
8286,"Decibel Films"
6707,"Cloud Eight Films"
93132,"Courage Mon Amour"
6960,"Moteur s'il vous plaît"
591,"France 3 Cinéma"
5162,"Memento Films Production"
11779,"Page 114"
58568,"Les Films de Pierre"
90282,"FD Productions"
36958,"Sparkle Roll Media"
74504,"TMP"
83838,"Wanda Pictures"
79529,"Torridon Films"
101829,"16:14 Entertainment"
1645,"Scott Free Productions"
1088,"Alcon Entertainment"
78028,"Thunderbird Entertainment"
923,"Legendary Entertainment"
3527,"Green Hat Films"
12235,"IFP Westcoast Erste"
77939,"BlackBird"
78874,"Tadmor"
8005,"Les Robins des Bois Airlines"
6900,"Chez Wam"
3,"Pixar"
615,"Nord-Ouest Production"
20448,"U-Drive Productions"
33,"Universal Pictures"
80,"The Zanuck Company"
2721,"Jinks/Cohen Company"
8601,"Tim Burton Productions"
5552,"Media Asia Films"
7380,"Initial Entertainment Group (IEG)"
81,"Plan B Entertainment"
47,"Constantin Film"
161,"Claussen+Wöbke Filmproduktion"
66750,"Mythos Film"
24,"Mikona Productions GmbH & Co. KG"
23,"Imagine Entertainment"
3756,"CoMix Wave Films"
100460,"Savvy Media Holdings"
3528,"Thunder Road Pictures"
20153,"Film 44"
68413,"Acacia Filmed Entertainment"
63443,"The Fyzz Facility"
76314,"Riverstone Pictures"
6626,"Voltage Pictures"
15308,"Wild Bunch Distribution"
76315,"Synergics Films"
27497,"Star Thrower Entertainment"
112050,"Tunica-Biloxi Tribe of Louisiana"
3491,"Showbox"
84678,"B.A. Entertainment"
7076,"Chernin Entertainment"
11773,"Artémis Productions"
72104,"Chaz Productions"
491,"Summit Entertainment"
14440,"Red Wagon Entertainment"
559,"TriStar Pictures"
443,"Big Talk Productions"
2531,"Media Rights Capital"
10163,"Working Title Films"
31922,"Double Negative"
11387,"Les Artistes Anonymes"
130,"Jerry Bruckheimer Films"
2691,"Infinitum Nihil"
7295,"Relativity Media"
25716,"Captivate Entertainment"
1778,"Dentsu"
862,"The Kennedy/Marshall Company"
882,"Toho Company, Ltd."
10210,"Morgan Creek Productions"
393,"MACT Productions"
21854,"Star Partners III Ltd."
21,"Metro-Goldwyn-Mayer"
841,"Pathé Entertainment"
2525,"Avalanche Productions"
22743,"Seven Productions"
10128,"Think Studio"
11068,"Nostromo Pictures"
55260,"Colosé Producciones"
80328,"Habitación Cerrada, La"
35559,"Institut Català de les Empreses Culturals (ICEC)"
67412,"Movistar+"
5085,"Televisió de Catalunya"
507,"Atlas Entertainment"
9993,"DC Entertainment"
9995,"Cruel & Unusual Films"
429,"DC Comics"
27336,"EZ Films"
51274,"42 Km Film"
2877,"Living Films"
22146,"Black Bear Pictures"
17866,"Boies/Schiller Film Group"
6320,"Hwy61"
98007,"BNP Paribas"
1145,"Belga Films"
1246,"River Road Entertainment"
6877,"Grive Productions"
12372,"Universum Film (UFA)"
55244,"Fundamental Films"
96686,"Gulf Film"
96687,"Novo Pictures"
15433,"Orange Studio"
67254,"Kaap Holland Film"
98660,"Dombey Street Productions"
9996,"Syncopy"
433,"Weed Road Pictures"
23202,"Wigram Productions"
25577,"Safehouse Pictures"
52596,"Ciclic - Région Centre"
309,"Angoa-Agicoa"
851,"MEDIA Programme of the European Union"
6961,"Rouge international"
11921,"Le Tax Shelter du Gouvernement Fédéral de Belgique"
24430,"BeTV"
33956,"La Wallonie"
49473,"Frakas Productions"
72497,"Bruxelles Capitale"
88099,"Casa Kafka Pictures Movie Tax Shelter Empowered by Belfius"
88102,"Torino Film Lab"
78935,"Cofinova 12"
201,"ARTE"
75891,"Petit Film"
11797,"VOO"
21513,"Ce Qui Me Meut"
10893,"Big Screen Productions"
711,"Fox 2000 Pictures"
7717,"Flashpoint Entertainment"
290,"Ingenious Media"
12686,"Forecast Pictures"
308,"The Weinstein Company"
12005,"Yucaipa Films"
13507,"Pie Films Inc."
15495,"Revolt Films"
47124,"Blum Hanson Allen Films"
171,"Malpaso Productions"
7,"DreamWorks Pictures"
9325,"Informant Media"
3864,"Butcher's Run Films"
23008,"87Eleven"
37974,"Film Oblige"
47325,"Blueprint Film"
729,"Why Not Productions"
12398,"Chic Films"
7248,"Union Générale Cinématographique (UGC)"
225,"BIM Distribuzione"
860,"Celluloid Dreams"
6301,"CinéCinéma"
11246,"Région Ile-de-France"
12399,"Conseil Régional de Provence-Alpes Côte d'Azur"
11435,"Sofica UGC 1"
11397,"Sofica Soficinéma 4"
12400,"Soficinéma 5"
6237,"Porchlight Films"
7584,"Screen Australia"
11840,"Film Victoria"
10951,"Screen NSW"
14430,"Fulcrum Media Finance"
11911,"Partizan Films"
6586,"TPS Star"
11912,"Mikado Film"
616,"Eskwad"
1115,"M6 Films"
7981,"Pathé!"
34044,"Lobster Tree"
34774,"W9"
508,"Regency Enterprises"
9350,"Indian Paintbrush"
23449,"American Empirical Pictures"
500,"Goldcrest Films International"
8834,"Tin Blue"
7503,"Protozoa Pictures"
10104,"New Regency Pictures"
6438,"Muse Entertainment"
52740,"Contagious Entertainment"
1187,"Michael London Productions"
55369,"Koppelman-Levien"
88934,"Monkeypaw Productions"
3172,"Blumhouse Productions"
72725,"QC Entertainment"
431,"The Donners' Company"
91797,"Hutch Parker Entertainment"
28788,"Genre Films"
9149,"Shogakukan"
3656,"GAGA"
12424,"TV Man Union"
3341,"Fuji Television Network"
1422,"Killer Films"
11752,"Number 9 Films"
6705,"Film4 Productions"
2532,"Batjac Productions"
84797,"Asghar Farhadi Productions"
84798,"Dreamlab Films"
84799,"MPA APSA Academy Film Fund"
735,"Waverly Films"
33603,"ShivHans Pictures"
4205,"Groundswell Productions"
13470,"Inimitable Pictures"
406,"Havoc"
1382,"PolyGram Filmed Entertainment"
44,"Cruise/Wagner Productions"
692,"Sogecine"
778,"Las Producciones del Escorpion"
779,"Lucky Red"
7405,"Dimension Films"
8875,"Pretty Pictures"
11922,"Taxshelter. be"
23200,"Shelter Productions"
73536,"Senator Global Productions"
73537,"Kvinde Films"
73538,"ReVision Pictures"
73539,"Copenhagen Film Fund"
7419,"Scion Films"
11341,"Stage 6 Films"
11278,"Inferno Distribution"
66327,"Hachiko"
1843,"Grand Army Entertainment"
66328,"Opperman Viner Chrystyn Entertainment"
12695,"Sixteen Films"
1926,"Les Films du Fleuve"
7281,"British Film Institute"
288,"BBC Films"
7286,"Epithète Films"
10161,"Gilbert Films"
53247,"Impostor Pictures"
2527,"Marc Platt Productions"
2570,"Bona Fide Productions"
22120,"Fargo Films"
513,"Cosmo Film"
42379,"Filmwave Pictures"
68417,"Distressed Films"
1785,"Likely Story"
24277,"PalmStar Media"
280,"Cinémaginaire"
11667,"Northern Ireland Screen"
24049,"Sierra / Affinity"
24510,"MICA Entertainment"
73492,"MadRiver Pictures"
79963,"Keep Your Head"
12236,"Blinding Edge Pictures"
20931,"Alpha Productions"
219,"The Mirisch Corporation"
819,"Mars Films"
7460,"Vendome Pictures"
83024,"Levantine Films"
6125,"Walt Disney Animation Studios"
34725,"Moho Film"
49096,"Yong Film"
47706,"Allison Shearmur Productions"
19404,"Pinewood Studios"
68738,"Black Hangar Studios"
1634,"Truenorth Productions"
68621,"St. Petersburg Clearwater Film Commission"
23033,"Cappa Defina Productions"
8870,"CatchPlay"
73685,"Emmett Furla Oasis Films"
54537,"Fábrica de Cine"
86060,"SharpSword Films"
23243,"Sikelia Productions"
34034,"LStar Capital"
79566,"Pin High Productions"
79426,"MACRO"
86900,"TIK Film"
8537,"Closest to the Hole Productions"
8536,"Leverage"
8111,"Apaches Entertainment"
53490,"La Trini"
112286,"A Monster Calls AIE"
1182,"Telecinco Cinema"
65359,"Flashlight Films"
437,"Heyday Films"
455,"Permut Presentations"
8915,"Pandemonium"
13241,"Demarest Films"
10246,"Cross Creek Pictures"
50481,"Vendian Entertainment"
7437,"IM Global"
16028,"Blizzard Entertainment"
20064,"Next Entertainment World"
103875,"RedPeter Film"
10039,"Anonymous Content"
12,"New Line Cinema"
907,"Overbrook Entertainment"
333,"Original Film"
7193,"Company Films"
19961,"Start Motion Pictures"
5357,"Zero Gravity Management"
8600,"Electric City Entertainment"
8087,"Creative Scotland"
7217,"See-Saw Films"
13786,"Aquarius Films"
50501,"Sunstar Entertainment"
264,"Studio Babelsberg"
5374,"Marv Films"
73620,"Saville Productions"
521,"DreamWorks Animation"
9111,"Sirena Film"
76,"Zentropa Entertainments"
119,"Danmarks Radio (DR)"
320,"Trollhättan Film"
1147,"Madeleine Films"
1122,"CAPAC"
11261,"M6"
8676,"uFilm"
22127,"uFund"
66179,"Destiny Films"
56940,"Adama Pictures"
316,"Wildwood Enterprises"
13839,"Metafilms"
13311,"SODEC"
11578,"Super Écran"
51570,"KrautPack Entertainment"
1205,"Endgame Entertainment"
6573,"Mimran Schur Pictures"
1001,"Solaris Film"
12425,"Filmtribe"
1393,"TBS"
3219,"Amuse Soft Entertainment"
57977,"Asahi Shimbun"
3363,"Mainichi Broadcasting System (MBS)"
4649,"Sedic"
91253,"TBS Radio & Communications"
192,"Shochiku Co., Ltd."
60,"United Artists"
5755,"Constantin Film"
7508,"Produzioni Europee Associati (PEA)"
42498,"Arturo González Producciones Cinematográficas S.A."
2785,"Warner Bros. Animation"
20734,"Warner Bros. Feature Animation"
12196,"Medienproduktion Prometheus Filmgesellschaft"
12197,"Portobello Studios"
12198,"Tightrope Pictures"
1950,"New World Pictures"
15338,"Cinemarque Entertainment BV"
15339,"Film Futures"
15340,"Rivdel Films"
5420,"Color Force"
7395,"Les films du Worso"
20662,"TV5 Monde"
32668,"Indéfilms 2"
45663,"Arches Films"
94,"ARTE France Cinéma"
45662,"Dune Vision"
11264,"Bad Lt. Productions"
2307,"Hell's Kitchen Films"
1553,"Selznick International Pictures"
22683,"Contre Prod."
22684,"Kasso Inc. Productions"
22685,"Ulysse Films"
30231,"Rezo Productions"
31899,"Sacromonte Films"
29566,"Atresmedia Cine"
7342,"Atípica Films"
97068,"Babel Productions Inc."
838,"Paramount Vantage"
11258,"Central Films"
9015,"Worldview Entertainment"
52660,"M Productions"
77845,"Monarchy Enterprises S.a.r.l."
562,"Appian Way"
13796,"Hong Kong Alpha Motion Pictures Co."
5726,"Universal Pictures International (UPI)"
7470,"Esperanto Filmoj"
1448,"Pro-ject Filmproduktion"
88,"Hawk Films"
11272,"Peregrine"
10717,"Shamley Productions"
10497,"Jaguar Films"
63810,"Roxbury"
19037,"Umedia"
1206,"Entertainment Manufacturing Company"
1204,"Ascendant Pictures"
831,"Saturn Films"
1208,"Rising Star"
21938,"Copag V"
13480,"Haishang Films"
289,"Ingenious Film Partners"
39443,"Jolie Pas"
787,"3 Arts Entertainment"
12204,"Tiger Moth Productions"
307,"IFC Films"
54,"The Independent Film Channel Productions"
11351,"Hart-Sharp Entertainment"
1915,"Becker International"
1916,"Claraflora"
1917,"EM Media"
1918,"NorthSee"
3298,"Harpo Films"
3573,"Celador Films"
62693,"RVK Studios"
40106,"Free State Pictures"
9195,"Touchstone Pictures"
554,"Silver Screen Partners III"
206,"Star Partners II Ltd."
278,"Propaganda Films"
11407,"Baltimore Pictures"
3281,"GK Films"
1782,"Smoke House Pictures"
9118,"Samuel Goldwyn Films"
37336,"Down Productions"
2932,"Red Hour"
52107,"ICF"
7302,"Filmax Entertainment"
7956,"Castelao Producciones"
15462,"Troika Pictures"
10339,"WWE Studios"
15463,"Emergency Films"
15464,"Apotheosis Media Group"
15465,"Amasia Entertainment"
152,"Icon Productions"
13923,"Sobini Films"
5219,"Sunswept Entertainment"
9168,"Bad Hat Harry Productions"
361,"Blue Parrot Productions"
76043,"Revolution Sun Studios"
24846,"Menuet"
24845,"Topkapi Films"
6266,"Mythberg Films"
8659,"Vrijzinnig Protestantse Radio Omroep (VPRO)"
22997,"Légende Films"
732,"Mate Producciones S.A."
884,"TPS Cinéma"
2568,"Lunar Films"
10572,"Ce Qui Me Meut Motion Pictures"
21514,"Opposite Field Pictures"
21515,"Compagnie Cinématographique"
21516,"La Panache Productions"
10230,"Blue Wolf"
436,"1492 Pictures"
506,"Newmarket Capital Group"
598,"Team Todd"
34446,"I Remember Productions"
1089,"Witt/Thomas Productions"
129,"Section Eight"
13769,"Lynda Obst Productions"
126,"Lakeshore Entertainment"
1171,"Epsilon Motion Pictures"
16311,"Albert S. Ruddy Productions"
57408,"Mad Chance Productions"
57409,"22 & Indiana Pictures"
2266,"Bold Films"
181,"Channel Four Films"
980,"The Glasgow Film Fund"
359,"Figment Films"
358,"Noel Gay Motion Picture Company"
22566,"Harvest Filmworks"
379,"Truth and Soul Pictures Inc"
22567,"Plantain Films"
4220,"Management 360"
2188,"Artisan Entertainment"
47354,"5150 Action"
10405,"Emmett/Furla Films"
11448,"Exclusive Media"
11449,"Hedge Fund Film Partners"
16312,"Crave Films"
46961,"Knightsbridge Entertainment"
39649,"Huayi Brothers Media"
11029,"QED International"
541,"Famous Players Ltd"
542,"Guardian Trust Company"
543,"Filmplan International II"
6363,"BenderSpink"
2743,"Astral Media"
11550,"Corus Entertainment"
805,"Serendipity Point Films"
16880,"Shine Pictures"
3445,"Kudos"
8406,"Big Kid Pictures"
27467,"Team Downey"
19747,"Brandywine Productions"
20555,"Taurus Film"
54051,"Atman Entertainment"
54052,"Knickerbocker Films"
4700,"The Linson Company"
11317,"Phoenix Pictures"
2912,"Diamond Films"
26025,"Ascot Elite Entertainment Group"
2598,"Hasbro"
19719,"Saints LA"
5612,"Brooksfilms"
484,"De Laurentiis Entertainment Group (DEG)"
22655,"Remstar Media Partners"
22656,"Don Carmody Productions"
313,"TS Productions"
7273,"Phi Group"
7029,"micro_scope"
12199,"Madhouse Entertainment"
18208,"8:38 Productions"
164,"Rhombus Media"
21380,"Roxbury Pictures"
21382,"Mecanismo Films"
1178,"Pathé Pictures International"
1854,"Dan Films"
2452,"UK Film Council"
3207,"Pictures in Paradise"
4024,"Pacific Film and Television Commission"
4564,"Icon Entertainment International"
13502,"Framestore"
80386,"Triangle Films"
6687,"Viz Media"
3317,"Lunar Industries"
3316,"Liberty Films UK"
3318,"Xingu Films"
12018,"Limelight Fund"
67486,"Rai 3"
27349,"Freddie Fields Productions"
348,"Bedford Falls Productions"
1656,"Pangaea"
350,"Radar Pictures"
54931,"Gail Katz Productions"
7301,"Elixir Films"
30994,"Union Générale Cinématographique (UGC)"
582,"Hachette Première"
25021,"Constellation"
2951,"Les Films du Kiosque"
816,"FilmEngine"
817,"Katalyst Films"
19491,"Jerico"
67186,"Quarante 12 Films"
23291,"Vendôme Production"
875,"Films A2"
1524,"DD Productions"
63924,"Broken Chair Flickz"
2780,"Cube Vision"
63925,"Crucial Films"
345,"O2 Filmes"
346,"VideoFilmes"
11445,"Hank Levine Film"
13969,"Globo Filmes"
11793,"Lumière"
536,"The Coppola Company"
70,"American Zoetrope"
2019,"Osiris Films"
4928,"Allied Artists Pictures"
599,"Solar Productions"
60832,"Corona-General"
10427,"Open Road Films"
1020,"Millennium Films"
1157,"Les Cinémas de la Zone"
4176,"Nord-Ouest Productions"
19233,"120 Films"
9018,"Crystal City Entertainment"
2537,"Kennedy Miller Productions"
77850,"Soficinéma 11"
75983,"Cofinova 11"
75984,"La Banque Postale Image 8"
76445,"Indéfilms 3"
76446,"Palatine Étoile 12"
76994,"Cinémage 9"
77848,"A Plus Image 5"
77849,"SofiTVciné 2"
21914,"K&S Films"
47586,"Zaftig Films"
1474,"Desperate Pictures"
41359,"M7 Filmproduktion"
97,"Castle Rock Entertainment"
16946,"Weinstock Productions"
2253,"Lawrence Bender Productions"
23201,"Be Gentlemen Limited Partnership"
21920,"The Steve Tisch Company"
13419,"SKA Films"
20076,"HandMade Films"
19855,"Internationale Filmproduktion Blackbird Dritte"
1302,"Davis Entertainment"
12516,"Nibariki"
20192,"Nippon Television Network (NTV)"
2752,"DENTSU Music And Entertainment"
67681,"TNDG"
1779,"Tokuma Shoten"
11846,"Hakuhodo DY Media Partners"
11848,"KDDI Corporation"
20191,"Mitsubishi Shoji"
32853,"Gkids"
3263,"OddLot Entertainment"
6736,"Imagenation Abu Dhabi FZ"
53656,"Old Bull Pictures"
11461,"Bad Robot"
12536,"Kurtzman/Orci"
87857,"Abu Dhabi Film Commission"
40890,"China Film Co."
86352,"Québec Production Services Tax Credit"
87858,"Colorado Office of Film, Television & Media"
1225,"One Race"
10481,"Jolly Film"
30847,"Specta Films"
396,"SLM Production Group"
574,"Lightstorm Entertainment"
770,"Kingsgate Films"
2370,"Merchant Ivory Productions"
418,"New South Wales Film & Television Office"
14089,"Jan Chapman Productions"
417,"Australian Film Commission"
105,"CiBy 2000"
6925,"Pinehouse Film"
20811,"NOWFILM"
2130,"Mr. Mudd Production"
22123,"TF1"
20664,"Anton Capital Entertainment (ACE)"
26387,"LOVEFiLM International"
2585,"ICE3"
45693,"Cristaldifilm"
7110,"Les Films Ariane"
4606,"ZDF"
1583,"RAI"
1236,"Mandalay Entertainment"
57435,"Applecross"
57436,"Reperage & Vanguard Films"
19631,"Truth Entertainment"
93542,"bob industries"
15829,"Pacific Standard"
592,"Claudie Ossard Productions"
4411,"MMC Independent"
12000,"Tapioca Films"
23446,"Sofica Sofinergie 5"
25020,"Victoires Productions"
315,"Filmstiftung Nordrhein-Westfalen"
10936,"Hydraulx"
21925,"REI Capital"
21926,"Grove Hill Productions"
21927,"Strange Matter Films"
10892,"Everest Entertainment"
1560,"Roth-Arnold Productions"
3492,"Island Pictures"
21612,"Black Snake"
42043,"Grokenberger Film Produktion"
59348,"Plywood Productions"
208,"Bac Films"
986,"Degeto Film"
1251,"ARD"
4248,"JVC Entertainment Networks"
140,"Pandora Film"
4503,"Neue Road Movies"
6187,"ARD/Degeto Film"
11561,"Recorded Picture Company (RPC)"
19244,"Snow Wolf Produktion"
19245,"Lago Film"
19246,"Faliro House Productions"
11369,"Sighvatsson Films"
11370,"Michael De Luca Productions"
11371,"Palomar Pictures"
2577,"Studio 37"
5725,"One World Films"
5727,"Lilou Film"
28438,"Riche-Ludwig Productions"
11273,"Circle Films"
37,"Gramercy Pictures"
2092,"Mike Zoss Productions"
5738,"Stonebridge Entertainment"
14319,"Sycamore Pictures"
10105,"Apatow Productions"
662,"Turman-Foster Company"
8880,"Winkler Films"
846,"2929 Productions"
8073,"Nick Wechsler Productions"
13649,"Chockstone Pictures"
11043,"A&M Films"
8812,"Channel Productions"
21079,"Hopscotch Features"
2054,"Ruby Films"
6747,"Essential Media and Entertainment"
5263,"Amercent Films"
5264,"American Entertainment Partners L.P."
840,"Lawrence Gordon Productions"
1693,"Nina Saxon Film Design"
1504,"Cinergi Pictures Entertainment"
10308,"Dino De Laurentiis Company"
1323,"Florin Productions"
1324,"Jerome Hellman Productions"
2254,"Egoli Tossell Film"
15282,"Steel Mill Pictures"
18230,"Filmgate Films"
19637,"Logie Pictures"
19638,"Altitude Film Entertainment"
19639,"Film House Germany"
19640,"Maven Pictures"
3984,"Entre Chien et Loup"
188,"Big Beach"
55072,"Strong Heart/Demme Production"
41,"Orion Pictures"
1274,"Clinica Estetico"
19647,"Monolith Pictures (III)"
19648,"Radical Studios"
12073,"Dillywood"
12074,"Five Star Institute"
12075,"Silver Reel"
18309,"Institut Valenciã de Cinematografia (IVAC)"
21632,"Mediaset España"
53491,"Generalitat Valenciana"
8569,"Dayday Films"
20344,"First Light"
335,"Tig Productions"
2630,"Majestic Films International"
866,"Pathé Renn Productions"
1997,"Banques Populaire Image 7"
11433,"C.R.R.A.V. Nord Pas de Calais"
1784,"Partizan"
7641,"Grana Productions"
91015,"Kourtrajmé"
3616,"Bom Film Productions Co., Ltd."
49971,"Grimm Pictures"
685,"Cineclick Asia"
4399,"Barunson E&A"
10922,"Softbank Ventures"
10924,"Peppermint&company"
10925,"Siz Entertainment"
11430,"Dasepo Club"
50998,"AD406"
643,"Société Nouvelle Pathé Cinéma"
38069,"Legion Entertainment"
321,"Memfis Film"
8288,"Zentropa International Sweden"
7777,"Slot Machine"
11239,"Liberator Productions"
8289,"Zentropa International Köln"
38071,"Edition Video"
38072,"Nordisk Film Distribution"
890,"Cheyenne Enterprises"
11845,"Wintergreen Productions"
3067,"Memorial Enterprises"
66743,"Les Films du Dauphin"
560,"Film Colony"
2428,"Wolper Organization"
4364,"Watermark Pictures"
6332,"Dune Entertainment III"
7646,"Loma Nasha"
19481,"Babelsberg Film"
7576,"Eon Productions"
11345,"Stillking Films"
514,"Silver Screen Partners"
11583,"Syalis DA"
10898,"Légende Entreprises"
11584,"De Fina-Cappa"
7381,"Alberto Grimaldi Productions"
68517,"Studio Image"
68518,"Cofinergie 6"
802,"Egg Pictures"
16366,"La Sept Cinéma"
5869,"Les Productions Lazennec"
3799,"MDP Filmproduktion"
26369,"Calamity Films"
10950,"Screen Queensland"
15392,"Blacklab Entertainment"
15393,"Wolfhound Pictures"
10288,"Don Simpson/Jerry Bruckheimer Films"
915,"Hollywood Pictures"
224,"wega film vienna"
67627,"Red Dragon Productions S.A."
1992,"La Petite Reine"
50630,"La Classe Américaine"
52594,"SofiTVCiné"
67994,"Sarke Studio"
68546,"NJJ Capital"
72936,"Westart Invest"
36186,"Bersin Pictures"
22632,"Verisimilitude"
36187,"WeWork Studios"
758,"TV 2"
11682,"TV2 Norge"
2802,"TV4"
1869,"AMLF"
5237,"The Saul Zaentz Company"
12654,"The Pokémon Company"
38145,"Bristol Automotive"
10871,"Wellmade Starm"
10872,"Popcorn films"
8852,"Virgin Produced"
8854,"Many Rivers Productions"
8855,"Boy of the Year"
8856,"Intermedia"
134,"Rogue Pictures"
18209,"Alpha Core"
31076,"Simon Kinberg Productions"
53638,"Ollin Studio"
20987,"Balboa Entertainment"
12413,"NWR Film Productions"
7263,"FilmDistrict"
11337,"Motel Movies"
46625,"Newbridge Film Capital"
17031,"Classico"
469,"Hemdale Film Corporation"
104411,"Cinema 86"
68551,"J D Productions"
644,"Alcor Films"
4198,"Ixtlan"
1533,"Indigo Film"
6246,"Medusa Film"
19665,"C - Films"
101485,"Barbary Films"
399,"Show East"
118802,"Egg Film"
30098,"Les Films Paul Grimault"
22358,"Les Films Gibé"
1117,"Antenne-2"
80461,"Carolco International N.V."
275,"Carolco Pictures"
67713,"Parkes/Lasker productions"
11030,"Envision Entertainment"
6666,"Herrick Entertainment"
22611,"Spikings Entertainment"
104770,"Single Berry"
11,"WingNut Films"
7413,"3Foot7"
64,"Les Productions Artistes Associés"
23614,"All Pictures Media"
5381,"Backup Media"
6930,"Elle Driver"
12856,"1.85 Films"
20856,"Realitism Films"
23002,"Sindika Dokolo"
20855,"Orange Sky"
20857,"Rubber Films"
285,"Live Entertainment"
26198,"Dog Eat Dog Productions"
59,"A Band Apart"
216,"Jersey Films"
39121,"Super Cool ManChu"
10807,"Troublemaker Studios"
15764,"Rodriguez International Pictures"
6817,"Zehnte Babelsberg Film"
6818,"Visiona Romantica"
1073,"Gordon Company"
10289,"DMG Entertainment"
5257,"The Film Department"
5802,"Evil Twins"
12180,"Warp Films"
103331,"G-BASE"
68619,"St. Petersburg Clearwater Film Commision"
5739,"Donner/Shuler-Donner Productions"
11510,"Detour Filmproduction"
21904,"Mill Film"
21905,"C & L"
21906,"Dawliz"
497,"Revolution Studios"
2735,"Mid Atlantic Films"
6408,"International Traders"
158,"Spyglass Entertainment"
780,"Red Wagon Productions"
365,"Nelson Entertainment"
87733,"Closed on Mondays Entertainment"
11395,"ImageMovers"
7049,"Enigma Productions"
13221,"Kingsmere Productions Ltd."
10324,"William Castle Productions"
705,"Spring Creek Productions"
16314,"Roth Films"
17888,"K. JAM Media"
24175,"Cott Productions"
34401,"Surf Film"
63571,"Enelmar Productions, A.I.E."
13692,"Zazi Films"
11733,"Pariah"
2723,"Lin Pictures"
8057,"Langley Park Production"
40309,"Fear of God Films"
11049,"Caliber Media Company"
78128,"Realbuilder Productions"
108781,"Cinestate"
18713,"Prana Studios"
2363,"Cold Spring Pictures"
2364,"The Montecito Picture Company"
467,"Renaissance Pictures"
898,"Lorimar Productions"
7396,"Pathe"
58661,"Chocolate Frog Films"
218,"Rafran Cinematografica"
11386,"Finanzia San Marco"
1110,"Euro International Films"
7965,"The Ladd Company"
10214,"Embassy International Pictures"
11670,"Producers Sales Organization (PSO)"
2690,"Screen Yorkshire"
3519,"Big Arty Productions"
62312,"Lewis Pictures"
10212,"Orion-Nova Productions"
11654,"Ascot Elite - Ascot Life!"
4319,"40 Acres & A Mule Filmworks"
22880,"Fast Track Productions"
22881,"Mayhem Pictures"
10330,"Universal International Pictures"
611,"Bryna Productions"
61791,"Feigco Entertainment"
32243,"PeaPie Films"
1219,"Baby Cow Productions"
18188,"Magnolia Mae Films"
2395,"HanWay Films"
9987,"Lipsync Productions"
2514,"Alliance Films"
24939,"WV Films II"
172,"NPV Entertainment"
2596,"Jerry Weintraub Productions"
26727,"Universal Television"
11084,"Parkes/MacDonald Productions"
367,"Kemp Company"
368,"Splendid Pictures"
12273,"Sanford Productions (III)"
10879,"Tom Ward Enterprises"
27319,"Jagged Films"
10715,"Alfred J. Hitchcock Productions"
7495,"Sixth Sense Productions"
35,"Lions Gate Films"
564,"Industrial Development Corporation of South Africa"
2760,"Miracle Pictures"
19834,"Inside Track Films"
416,"Python (Monty) Pictures Limited"
463,"Michael White Productions"
464,"National Film Trustee Company"
12016,"Celandine Films"
12017,"The Monty Python Partnership"
3314,"Crescendo Productions"
15855,"Goldenlight Films"
12807,"Overture Films"
5403,"Nordisk Film & TV Fond"
360,"Geffen Pictures"
551,"Mandalay Pictures"
23310,"Karol Film Productions"
2293,"Silverwood Films"
42421,"Rocklin / Faust"
75807,"First Look Media"
11054,"First Look International"
4343,"Showtime Networks"
61409,"T2 Productions"
1280,"Pacific Western"
11308,"Savoy Pictures"
924,"The Turman-Morrissey Company"
790,"Samsa Film"
31143,"Gare Farrand Entertainment"
31144,"Flying Pig Productions"
31145,"Skipping Stone Entertainment"
191,"Senator Film Produktion"
1143,"Sound for Film"
6638,"Inca Films S.A."
9962,"BD Cine"
17469,"Tu Vas Voir Productions"
19027,"Sahara Films"
99944,"Shriver Films"
6831,"Big Indie Pictures"
28361,"BSM Studio"
99945,"Lutzus-Brown"
25626,"Moonrise"
836,"Elzévir Films"
837,"Oï  Oï  Oï Productions"
1531,"Smart Egg Pictures"
2908,"Mars Distribution"
49068,"24 25 Films"
3304,"WY Productions"
215,"Double Feature Films"
11728,"Camelot Pictures"
11729,"Large's Ark Productions"
49512,"New Picture Company"
724,"Beijing New Picture Film Co. Ltd."
12205,"EDKO Film"
34530,"Perfect Storm Entertainment"
69484,"Alibaba Pictures Group"
83644,"Sneaky Shark"
83645,"Huahua Media"
737,"Sidney Kimmel Entertainment"
10284,"Edko Films"
40818,"Loull Productions"
32554,"Bloom"
79791,"Nice Guys"
79792,"Misty Mountains"
